{
  "id": 1,
  "category": "Personal Care",
  "subcategory": "Cleansing Wipes",
  "description_expanded": "Equate Flushable Fresh Scent Wipes (18ct) is designed to deliver everyday reliability with thoughtful details suited for personal care. Fresh-scented, flushable cleansing wipes in a convenient travel-sized package. A comparable value to Cottonelle®. Built for convenience and value, it balances quality materials with practical features you can rely on at home, on the go, or as a thoughtful gift.",
  "specifications": {
    "product_type": "Cleansing Wipes",
    "count": 18,
    "scent_or_flavor": "Equate Flushable Fresh",
    "format": "Travel size"
  }
}