{
  "id": 11,
  "category": "Fashion",
  "subcategory": "Bags & Accessories",
  "description_expanded": "Hello Hobby Clear Stadium-Approved Crossbody Bag is designed to deliver everyday reliability with thoughtful details suited for fashion. A transparent, customizable crossbody bag perfect for venues with clear bag policies like stadiums and concerts. Also a trendy choice for everyday use. Built for convenience and value, it balances quality materials with practical features you can rely on at home, on the go, or as a thoughtful gift.",
  "specifications": {
    "product_type": "Clear Crossbody Bag"
  }
}