{
  "id": 14,
  "category": "Entertainment",
  "subcategory": "General",
  "description_expanded": "Beyoncé - Cowboy Carter (Official Vinyl 2LP) is designed to deliver everyday reliability with thoughtful details suited for entertainment. The official vinyl album for Beyoncé's critically acclaimed 'Cowboy Carter' album. A must-have for music collectors and fans. Built for convenience and value, it balances quality materials with practical features you can rely on at home, on the go, or as a thoughtful gift.",
  "specifications": {
    "product_type": "Consumer Product"
  }
}