{
  "id": 17,
  "category": "Kitchen & Dining",
  "subcategory": "Mixing Bowls",
  "description_expanded": "AOKIWO 26-Piece Stainless Steel Mixing Bowls Set with Lids is designed to deliver everyday reliability with thoughtful details suited for kitchen & dining. A comprehensive nesting mixing bowl set with airtight lids, non-slip bottoms, and 3 grater attachments. Ideal for prepping, mixing, serving, and storing food. Built for convenience and value, it balances quality materials with practical features you can rely on at home, on the go, or as a thoughtful gift.",
  "specifications": {
    "product_type": "Mixing Bowl Set",
    "material": "Stainless steel",
    "features": [
      "non-slip"
    ]
  }
}