{
  "id": 18,
  "category": "Home Office",
  "subcategory": "Gaming Desk",
  "description_expanded": "Pinmoco 42\"\" Reversible L-Shaped Gaming Desk with LED is designed to deliver everyday reliability with thoughtful details suited for home office. A carbon fiber textured L-shaped gaming desk with a monitor stand, headset hooks, and built-in LED lights. Reversible design to fit any corner. Built for convenience and value, it balances quality materials with practical features you can rely on at home, on the go, or as a thoughtful gift.",
  "specifications": {
    "product_type": "Gaming Desk",
    "included": "Monitor stand",
    "features": [
      "LED lights",
      "reversible"
    ]
  }
}