{
  "id": 2,
  "category": " 10ct)",
  "subcategory": "Pain Relief",
  "description_expanded": "Tylenol Extra Strength 500mg Caplets (Travel Size is designed to deliver everyday reliability with thoughtful details suited for  10ct). Health & Wellness Built for convenience and value, it balances quality materials with practical features you can rely on at home, on the go, or as a thoughtful gift.",
  "specifications": {
    "product_type": "Health & Wellness Product",
    "strength": "500 mg"
  }
}