{
  "id": 37,
  "category": "Home Fragrance",
  "subcategory": "Fragrance Oils",
  "description_expanded": "Mainstays Ocean Peony Aroma Accent Fragrance Oil is designed to deliver everyday reliability with thoughtful details suited for home fragrance. A fresh and floral fragrance oil with notes of ocean air and peony blossoms. For use in oil diffusers. Built for convenience and value, it balances quality materials with practical features you can rely on at home, on the go, or as a thoughtful gift.",
  "specifications": {
    "product_type": "Fragrance Oil",
    "format": "Fragrance oil",
    "features": [
      "diffuser"
    ]
  }
}