{
  "id": 43,
  "category": "Home Fragrance",
  "subcategory": "Fragrance Oils",
  "description_expanded": "Mainstays Fresh Cotton Aroma Accent Fragrance Oil is designed to deliver everyday reliability with thoughtful details suited for home fragrance. A clean and classic Fresh Cotton scent in a fragrance oil for oil diffusers and warmers. Built for convenience and value, it balances quality materials with practical features you can rely on at home, on the go, or as a thoughtful gift.",
  "specifications": {
    "product_type": "Fragrance Oil",
    "format": "Fragrance oil",
    "features": [
      "diffuser"
    ]
  }
}