{
  "id": 45,
  "category": "Home Decor",
  "subcategory": "General",
  "description_expanded": "Qishi 33ft Solar Powered LED Fairy Lights (100 LED) is designed to deliver everyday reliability with thoughtful details suited for home decor. A 33-foot string of 100 solar-powered LED fairy lights with 8 lighting modes. Waterproof and ideal for outdoor or indoor decor. Built for convenience and value, it balances quality materials with practical features you can rely on at home, on the go, or as a thoughtful gift.",
  "specifications": {
    "product_type": "Consumer Product",
    "length": "33 ft",
    "features": [
      "waterproof"
    ]
  }
}