{
  "id": 9,
  "category": "Electronics",
  "subcategory": "Disposable Cameras",
  "description_expanded": "Fujifilm Quicksnap Disposable 35mm Camera with Flash (2 Pack) is designed to deliver everyday reliability with thoughtful details suited for electronics. Twin pack of single-use 35mm film cameras with a built-in flash. Perfect for parties, weddings, travel, or as a backup camera. Includes everything needed to start shooting. Built for convenience and value, it balances quality materials with practical features you can rely on at home, on the go, or as a thoughtful gift.",
  "specifications": {
    "product_type": "Instant Camera Film",
    "count": 2
  }
}