{
  "id": 24,
  "description_expanded": "MINTREUS Women's Short Sleeve V-Neck Nightshirt is designed to deliver everyday reliability with thoughtful details suited for fashion. A comfortable and loose-fitting short sleeve nightshirt with a V-neck. Perfect for sleeping or casual loungewear at home. Built for convenience and value, it balances quality materials with practical features you can rely on at home, on the go, or as a thoughtful gift.",
  "specifications": {
    "product_type": "Nightshirt",
    "neckline": "V-neck",
    "sleeve": "Short sleeve"
  }
}