{
  "id": 26,
  "description_expanded": "MOSHU Women's Petal Sleeve V-Neck Tunic Top is designed to deliver everyday reliability with thoughtful details suited for fashion. A stylish V-neck tunic top for women featuring unique petal sleeves. A lightweight and casual shirt perfect for summer. Built for convenience and value, it balances quality materials with practical features you can rely on at home, on the go, or as a thoughtful gift.",
  "specifications": {
    "product_type": "Consumer Product",
    "neckline": "V-neck",
    "sleeve": "Petal sleeve",
    "fit": "Tunic"
  }
}