{
  "id": 32,
  "description_expanded": "ScentSationals Feelin Cozy Aroma Accent Fragrance Oil is designed to deliver everyday reliability with thoughtful details suited for home fragrance. A fragrance oil for oil diffusers in the Feelin Cozy scent, creating a warm and comforting atmosphere. Built for convenience and value, it balances quality materials with practical features you can rely on at home, on the go, or as a thoughtful gift.",
  "specifications": {
    "product_type": "Fragrance Oil",
    "format": "Fragrance oil",
    "features": [
      "diffuser"
    ]
  }
}