{
  "id": 35,
  "description_expanded": "Air Wick Essential Mist Lush Honeysuckle & Raspberry Diffuser Refill is designed to deliver everyday reliability with thoughtful details suited for home fragrance. A refill for the Air Wick Essential Mist diffuser in the Lush Honeysuckle and Raspberry scent. Built for convenience and value, it balances quality materials with practical features you can rely on at home, on the go, or as a thoughtful gift.",
  "specifications": {
    "product_type": "Consumer Product",
    "features": [
      "diffuser"
    ]
  }
}