{
  "id": 46,
  "description_expanded": "GUPUP Corner Lamp with Music Sync & App Control is designed to deliver everyday reliability with thoughtful details suited for home decor. A USB plug-in corner floor lamp that syncs to music and can be controlled via a remote or smartphone app. Features RGB color changing. Built for convenience and value, it balances quality materials with practical features you can rely on at home, on the go, or as a thoughtful gift.",
  "specifications": {
    "product_type": "Corner Floor Lamp",
    "features": [
      "remote",
      "app control"
    ]
  }
}